source,target
peve-mir-novel-35,Peve_00027432
peve-mir-novel-10,Peve_00017735
peve-mir-100,Peve_00020387
peve-mir-novel-3,Peve_00020926
peve-mir-novel-41,Peve_00015952
peve-mir-novel-36,Peve_00013095
peve-mir-novel-10,Peve_00034505
peve-mir-novel-10,Peve_00029667
peve-mir-novel-3,Peve_00031940
peve-mir-novel-24,Peve_00008275
peve-mir-100,Peve_00008279
peve-mir-novel-14a; peve-mir-novel-14b,Peve_00026650
peve-mir-novel-10,Peve_00010128
peve-mir-novel-15,Peve_00029665
peve-mir-novel-24,Peve_00034585
peve-mir-novel-9,Peve_00008964
peve-mir-novel-40,Peve_00023739
peve-mir-novel-35,Peve_00020651
peve-mir-100,Peve_00027965
peve-mir-novel-8,Peve_00002333
peve-mir-novel-24,Peve_00032772
peve-mir-novel-35,Peve_00027699
peve-mir-100,Peve_00023767
peve-mir-novel-30,Peve_00030028
peve-mir-novel-36,Peve_00015742
peve-mir-novel-8,Peve_00017580
peve-mir-novel-24,Peve_00037587
peve-mir-novel-39,Peve_00040680
peve-mir-100,Peve_00043419
peve-mir-2025,Peve_00024854
peve-mir-novel-2,Peve_00035783
peve-mir-novel-13,Peve_00018121
peve-mir-novel-24,Peve_00006544
peve-mir-novel-24,Peve_00022361
peve-mir-novel-20,Peve_00013542
peve-mir-novel-2,Peve_00034862
peve-mir-100,Peve_00004995
peve-mir-novel-7,Peve_00015748
peve-mir-100,Peve_00041754
peve-mir-novel-10,Peve_00014587
peve-mir-novel-28,Peve_00042220
peve-mir-100,Peve_00031993
peve-mir-100,Peve_00024388
peve-mir-novel-8,Peve_00031324
peve-mir-novel-30,Peve_00035315
peve-mir-novel-9,Peve_00043301
peve-mir-novel-7,Peve_00030841
peve-mir-2023,Peve_00006285
peve-mir-novel-15,Peve_00011900
peve-mir-novel-10,Peve_00021553
peve-mir-novel-11,Peve_00013205
peve-mir-novel-42,Peve_00032724
peve-mir-novel-27,Peve_00031409
peve-mir-novel-16,Peve_00013596
peve-mir-100,Peve_00043468
peve-mir-novel-24,Peve_00008133
peve-mir-novel-8,Peve_00001878
peve-mir-novel-24,Peve_00036519
peve-mir-novel-35,Peve_00030612
peve-mir-novel-28,Peve_00037399
peve-mir-novel-40,Peve_00038107
peve-mir-novel-13,Peve_00034300
peve-mir-novel-40,Peve_00019126
peve-mir-novel-34,Peve_00006413
peve-mir-100,Peve_00013947
peve-mir-novel-24,Peve_00043123
peve-mir-novel-15,Peve_00030693
peve-mir-novel-41,Peve_00000601
peve-mir-novel-10,Peve_00012638
peve-mir-2025,Peve_00003000
peve-mir-novel-40,Peve_00021216
peve-mir-100,Peve_00015043
peve-mir-novel-31,Peve_00002637
peve-mir-novel-3,Peve_00001935
peve-mir-novel-2,Peve_00044964
peve-mir-novel-11,Peve_00036516
peve-mir-novel-10,Peve_00011858
peve-mir-100,Peve_00029393
peve-mir-novel-30,Peve_00019237
peve-mir-novel-39,Peve_00039724
peve-mir-novel-10,Peve_00022350
peve-mir-novel-2,Peve_00001193
peve-mir-novel-3,Peve_00012907
peve-mir-novel-7,Peve_00037614
peve-mir-novel-24,Peve_00018844
peve-mir-novel-10,Peve_00000256
peve-mir-novel-35,Peve_00007613
peve-mir-novel-31,Peve_00022342
peve-mir-novel-14a; peve-mir-novel-14b,Peve_00014436
peve-mir-novel-3,Peve_00023049
peve-mir-2023,Peve_00012607
peve-mir-novel-39,Peve_00006347
peve-mir-novel-30,Peve_00043325
peve-mir-novel-24,Peve_00021224
peve-mir-novel-22,Peve_00025328
peve-mir-novel-24,Peve_00026910
peve-mir-novel-10,Peve_00025489
peve-mir-2025,Peve_00021676
peve-mir-novel-24,Peve_00012722
peve-mir-novel-17a; peve-mir-novel-17b,Peve_00014491
peve-mir-novel-38,Peve_00011733
peve-mir-novel-24,Peve_00004871
peve-mir-novel-2,Peve_00028810
peve-mir-novel-35,Peve_00014069
peve-mir-novel-24,Peve_00002661
peve-mir-novel-40,Peve_00013531
peve-mir-novel-30,Peve_00000891
peve-mir-2036,Peve_00029721
peve-mir-novel-36,Peve_00032829
peve-mir-novel-35,Peve_00043724
peve-mir-2025,Peve_00025970
peve-mir-novel-42,Peve_00025028
peve-mir-100,Peve_00043521
peve-mir-novel-24,Peve_00039320
peve-mir-novel-10,Peve_00000786
peve-mir-novel-23,Peve_00040282
peve-mir-novel-3,Peve_00033364
peve-mir-novel-1,Peve_00022058
peve-mir-novel-24,Peve_00024049
peve-mir-novel-10,Peve_00007535
peve-mir-novel-28,Peve_00044580
peve-mir-novel-30,Peve_00044581
peve-mir-novel-24,Peve_00021049
peve-mir-novel-19,Peve_00036804
peve-mir-100,Peve_00023227
peve-mir-novel-39,Peve_00020556
peve-mir-novel-40,Peve_00001444
peve-mir-novel-10,Peve_00013823
peve-mir-novel-9,Peve_00040371
peve-mir-novel-24,Peve_00040370
peve-mir-novel-30,Peve_00041130
peve-mir-novel-24,Peve_00000334
peve-mir-100,Peve_00008498
peve-mir-novel-36,Peve_00029820
peve-mir-novel-11,Peve_00037304
peve-mir-novel-6,Peve_00027617
peve-mir-novel-3,Peve_00017540
peve-mir-novel-40,Peve_00029618
peve-mir-novel-27,Peve_00019763
peve-mir-2023,Peve_00007832
peve-mir-novel-30,Peve_00002105
peve-mir-novel-3,Peve_00028990
peve-mir-novel-18,Peve_00003561
peve-mir-novel-11,Peve_00045236
peve-mir-100,Peve_00000213
peve-mir-novel-3,Peve_00038927
peve-mir-novel-20,Peve_00026145
peve-mir-novel-11,Peve_00042916
peve-mir-novel-14a; peve-mir-novel-14b,Peve_00002033
peve-mir-novel-28,Peve_00019364
peve-mir-novel-24,Peve_00020364
peve-mir-100,Peve_00006941
peve-mir-novel-30,Peve_00031444
peve-mir-novel-14a; peve-mir-novel-14b,Peve_00016785
peve-mir-novel-28,Peve_00012516
peve-mir-novel-40,Peve_00038025
peve-mir-novel-23,Peve_00039177
peve-mir-novel-8,Peve_00012704
peve-mir-novel-40,Peve_00034569
peve-mir-novel-35,Peve_00023336
peve-mir-100,Peve_00028838
peve-mir-100,Peve_00035609
peve-mir-novel-7,Peve_00044680
peve-mir-novel-10,Peve_00023421
peve-mir-novel-2,Peve_00026462
peve-mir-novel-40,Peve_00006824
peve-mir-100,Peve_00041291
peve-mir-novel-28,Peve_00021707
peve-mir-100,Peve_00033304
peve-mir-novel-24,Peve_00010520
peve-mir-novel-19,Peve_00000224
peve-mir-2025,Peve_00021191
peve-mir-100,Peve_00021645
peve-mir-novel-24,Peve_00038441
peve-mir-100,Peve_00042442
peve-mir-novel-22,Peve_00037191
peve-mir-novel-24,Peve_00014601
peve-mir-novel-42,Peve_00033630
peve-mir-novel-14a; peve-mir-novel-14b,Peve_00007302
peve-mir-novel-15,Peve_00043672
peve-mir-novel-35,Peve_00034555
peve-mir-novel-2,Peve_00045100
peve-mir-novel-41,Peve_00024638
peve-mir-novel-36,Peve_00027583
peve-mir-100,Peve_00024588
peve-mir-novel-10,Peve_00000905
peve-mir-novel-24,Peve_00032177
peve-mir-novel-24,Peve_00043019
peve-mir-novel-39,Peve_00015503
peve-mir-novel-2,Peve_00009459
peve-mir-novel-14a; peve-mir-novel-14b,Peve_00039844
peve-mir-novel-42,Peve_00010457
peve-mir-novel-21,Peve_00003756
peve-mir-2036,Peve_00000470
peve-mir-novel-30,Peve_00000107
peve-mir-novel-14a; peve-mir-novel-14b,Peve_00002367
peve-mir-novel-17a; peve-mir-novel-17b,Peve_00008040
peve-mir-novel-3,Peve_00003541
peve-mir-novel-35,Peve_00001450
peve-mir-novel-35,Peve_00033678
peve-mir-novel-24,Peve_00041933
peve-mir-novel-3,Peve_00032232
peve-mir-novel-11,Peve_00026202
peve-mir-novel-10,Peve_00036582
peve-mir-novel-24,Peve_00031673
peve-mir-novel-11,Peve_00018929
peve-mir-novel-18,Peve_00044261
peve-mir-novel-4,Peve_00000108
peve-mir-novel-4,Peve_00011435
peve-mir-novel-4,Peve_00017311
peve-mir-novel-4,Peve_00033721
peve-mir-100,Peve_00000226
peve-mir-100,Peve_00000536
peve-mir-100,Peve_00000776
peve-mir-100,Peve_00001544
peve-mir-100,Peve_00001636
peve-mir-100,Peve_00001859
peve-mir-100,Peve_00002111
peve-mir-100,Peve_00002130
peve-mir-100,Peve_00002245
peve-mir-100,Peve_00001844
peve-mir-100,Peve_00003099
peve-mir-100,Peve_00003388
peve-mir-100,Peve_00003793
peve-mir-100,Peve_00004232
peve-mir-100,Peve_00004514
peve-mir-100,Peve_00005112
peve-mir-100,Peve_00004764
peve-mir-100,Peve_00005214
peve-mir-100,Peve_00005762
peve-mir-100,Peve_00005941
peve-mir-100,Peve_00005937
peve-mir-100,Peve_00006147
peve-mir-100,Peve_00006405
peve-mir-100,Peve_00006734
peve-mir-100,Peve_00007130
peve-mir-100,Peve_00007364
peve-mir-100,Peve_00007688
peve-mir-100,Peve_00007969
peve-mir-100,Peve_00008195
peve-mir-100,Peve_00008266
peve-mir-100,Peve_00008387
peve-mir-100,Peve_00008820
peve-mir-100,Peve_00008998
peve-mir-100,Peve_00009220
peve-mir-100,Peve_00009226
peve-mir-100,Peve_00009248
peve-mir-100,Peve_00008800
peve-mir-100,Peve_00008801
peve-mir-100,Peve_00009822
peve-mir-100,Peve_00009873
peve-mir-100,Peve_00009911
peve-mir-100,Peve_00010154
peve-mir-100,Peve_00010305
peve-mir-100,Peve_00010307
peve-mir-100,Peve_00010322
peve-mir-100,Peve_00010717
peve-mir-100,Peve_00010778
peve-mir-100,Peve_00011363
peve-mir-100,Peve_00011528
peve-mir-100,Peve_00011810
peve-mir-100,Peve_00011946
peve-mir-100,Peve_00012138
peve-mir-100,Peve_00012115
peve-mir-100,Peve_00012576
peve-mir-100,Peve_00012763
peve-mir-100,Peve_00013085
peve-mir-100,Peve_00013573
peve-mir-100,Peve_00014007
peve-mir-100,Peve_00015040
peve-mir-100,Peve_00015570
peve-mir-100,Peve_00016081
peve-mir-100,Peve_00016266
peve-mir-100,Peve_00016327
peve-mir-100,Peve_00016317
peve-mir-100,Peve_00016655
peve-mir-100,Peve_00017013
peve-mir-100,Peve_00017537
peve-mir-100,Peve_00017626
peve-mir-100,Peve_00017815
peve-mir-100,Peve_00018050
peve-mir-100,Peve_00018084
peve-mir-100,Peve_00018512
peve-mir-100,Peve_00018567
peve-mir-100,Peve_00019043
peve-mir-100,Peve_00019304
peve-mir-100,Peve_00019413
peve-mir-100,Peve_00019614
peve-mir-100,Peve_00019725
peve-mir-100,Peve_00020003
peve-mir-100,Peve_00020149
peve-mir-100,Peve_00020151
peve-mir-100,Peve_00020080
peve-mir-100,Peve_00013358
peve-mir-100,Peve_00020266
peve-mir-100,Peve_00020314
peve-mir-100,Peve_00020723
peve-mir-100,Peve_00020864
peve-mir-100,Peve_00020874
peve-mir-100,Peve_00021597
peve-mir-100,Peve_00021762
peve-mir-100,Peve_00021789
peve-mir-100,Peve_00021681
peve-mir-100,Peve_00022627
peve-mir-100,Peve_00022730
peve-mir-100,Peve_00022785
peve-mir-100,Peve_00022766
peve-mir-100,Peve_00022891
peve-mir-100,Peve_00022620
peve-mir-100,Peve_00022981
peve-mir-100,Peve_00022568
peve-mir-100,Peve_00023166
peve-mir-100,Peve_00023116
peve-mir-100,Peve_00023477
peve-mir-100,Peve_00023804
peve-mir-100,Peve_00023820
peve-mir-100,Peve_00024385
peve-mir-100,Peve_00024781
peve-mir-100,Peve_00024625
peve-mir-100,Peve_00025704
peve-mir-100,Peve_00026246
peve-mir-100,Peve_00025931
peve-mir-100,Peve_00025932
peve-mir-100,Peve_00026446
peve-mir-100,Peve_00022430
peve-mir-100,Peve_00027017
peve-mir-100,Peve_00027087
peve-mir-100,Peve_00027409
peve-mir-100,Peve_00028079
peve-mir-100,Peve_00028300
peve-mir-100,Peve_00028337
peve-mir-100,Peve_00028477
peve-mir-100,Peve_00028884
peve-mir-100,Peve_00029395
peve-mir-100,Peve_00029695
peve-mir-100,Peve_00029859
peve-mir-100,Peve_00030203
peve-mir-100,Peve_00030425
peve-mir-100,Peve_00030753
peve-mir-100,Peve_00030801
peve-mir-100,Peve_00031172
peve-mir-100,Peve_00031233
peve-mir-100,Peve_00031346
peve-mir-100,Peve_00031679
peve-mir-100,Peve_00032175
peve-mir-100,Peve_00032218
peve-mir-100,Peve_00032379
peve-mir-100,Peve_00032614
peve-mir-100,Peve_00032739
peve-mir-100,Peve_00033656
peve-mir-100,Peve_00033720
peve-mir-100,Peve_00033774
peve-mir-100,Peve_00033616
peve-mir-100,Peve_00033968
peve-mir-100,Peve_00034282
peve-mir-100,Peve_00034349
peve-mir-100,Peve_00034622
peve-mir-100,Peve_00035933
peve-mir-100,Peve_00036241
peve-mir-100,Peve_00036304
peve-mir-100,Peve_00036499
peve-mir-100,Peve_00036508
peve-mir-100,Peve_00036717
peve-mir-100,Peve_00036708
peve-mir-100,Peve_00037063
peve-mir-100,Peve_00037070
peve-mir-100,Peve_00037343
peve-mir-100,Peve_00038067
peve-mir-100,Peve_00038130
peve-mir-100,Peve_00038230
peve-mir-100,Peve_00038393
peve-mir-100,Peve_00038539
peve-mir-100,Peve_00038834
peve-mir-100,Peve_00039250
peve-mir-100,Peve_00036985
peve-mir-100,Peve_00039811
peve-mir-100,Peve_00040359
peve-mir-100,Peve_00040588
peve-mir-100,Peve_00039535
peve-mir-100,Peve_00040932
peve-mir-100,Peve_00040948
peve-mir-100,Peve_00041569
peve-mir-100,Peve_00041482
peve-mir-100,Peve_00042755
peve-mir-100,Peve_00043299
peve-mir-100,Peve_00043814
peve-mir-100,Peve_00043809
peve-mir-100,Peve_00043856
peve-mir-100,Peve_00044041
peve-mir-100,Peve_00044798
peve-mir-100,Peve_00044833
peve-mir-100,Peve_00044993
peve-mir-100,Peve_00045011
peve-mir-100,Peve_00045068
peve-mir-100,Peve_00043653
peve-mir-100,Peve_00045262
peve-mir-100,Peve_00045265
peve-mir-novel-39,Peve_00000573
peve-mir-novel-39,Peve_00000718
peve-mir-novel-39,Peve_00000701
peve-mir-novel-39,Peve_00001089
peve-mir-novel-39,Peve_00001408
peve-mir-novel-39,Peve_00001522
peve-mir-novel-39,Peve_00001631
peve-mir-novel-39,Peve_00001931
peve-mir-novel-39,Peve_00001847
peve-mir-novel-39,Peve_00002221
peve-mir-novel-39,Peve_00001819
peve-mir-novel-39,Peve_00002287
peve-mir-novel-39,Peve_00002349
peve-mir-novel-39,Peve_00002952
peve-mir-novel-39,Peve_00003173
peve-mir-novel-39,Peve_00003392
peve-mir-novel-39,Peve_00003545
peve-mir-novel-39,Peve_00003302
peve-mir-novel-39,Peve_00003305
peve-mir-novel-39,Peve_00003898
peve-mir-novel-39,Peve_00004069
peve-mir-novel-39,Peve_00004523
peve-mir-novel-39,Peve_00004566
peve-mir-novel-39,Peve_00004847
peve-mir-novel-39,Peve_00004912
peve-mir-novel-39,Peve_00006122
peve-mir-novel-39,Peve_00006481
peve-mir-novel-39,Peve_00006231
peve-mir-novel-39,Peve_00006612
peve-mir-novel-39,Peve_00007009
peve-mir-novel-39,Peve_00007030
peve-mir-novel-39,Peve_00007851
peve-mir-novel-39,Peve_00008684
peve-mir-novel-39,Peve_00009375
peve-mir-novel-39,Peve_00009466
peve-mir-novel-39,Peve_00009505
peve-mir-novel-39,Peve_00010166
peve-mir-novel-39,Peve_00010342
peve-mir-novel-39,Peve_00010422
peve-mir-novel-39,Peve_00010591
peve-mir-novel-39,Peve_00010733
peve-mir-novel-39,Peve_00011328
peve-mir-novel-39,Peve_00011078
peve-mir-novel-39,Peve_00012083
peve-mir-novel-39,Peve_00012139
peve-mir-novel-39,Peve_00012279
peve-mir-novel-39,Peve_00012780
peve-mir-novel-39,Peve_00013818
peve-mir-novel-39,Peve_00015572
peve-mir-novel-39,Peve_00015583
peve-mir-novel-39,Peve_00016648
peve-mir-novel-39,Peve_00016980
peve-mir-novel-39,Peve_00018009
peve-mir-novel-39,Peve_00018683
peve-mir-novel-39,Peve_00018721
peve-mir-novel-39,Peve_00018749
peve-mir-novel-39,Peve_00018891
peve-mir-novel-39,Peve_00019318
peve-mir-novel-39,Peve_00019345
peve-mir-novel-39,Peve_00020132
peve-mir-novel-39,Peve_00020418
peve-mir-novel-39,Peve_00020792
peve-mir-novel-39,Peve_00021264
peve-mir-novel-39,Peve_00021477
peve-mir-novel-39,Peve_00021504
peve-mir-novel-39,Peve_00021731
peve-mir-novel-39,Peve_00022001
peve-mir-novel-39,Peve_00022290
peve-mir-novel-39,Peve_00022876
peve-mir-novel-39,Peve_00024262
peve-mir-novel-39,Peve_00024536
peve-mir-novel-39,Peve_00025408
peve-mir-novel-39,Peve_00025813
peve-mir-novel-39,Peve_00026574
peve-mir-novel-39,Peve_00026798
peve-mir-novel-39,Peve_00026855
peve-mir-novel-39,Peve_00027141
peve-mir-novel-39,Peve_00027053
peve-mir-novel-39,Peve_00028185
peve-mir-novel-39,Peve_00028650
peve-mir-novel-39,Peve_00029338
peve-mir-novel-39,Peve_00030641
peve-mir-novel-39,Peve_00030841
peve-mir-novel-39,Peve_00031195
peve-mir-novel-39,Peve_00031564
peve-mir-novel-39,Peve_00031465
peve-mir-novel-39,Peve_00031473
peve-mir-novel-39,Peve_00031638
peve-mir-novel-39,Peve_00031656
peve-mir-novel-39,Peve_00032481
peve-mir-novel-39,Peve_00032506
peve-mir-novel-39,Peve_00032517
peve-mir-novel-39,Peve_00032682
peve-mir-novel-39,Peve_00032828
peve-mir-novel-39,Peve_00032838
peve-mir-novel-39,Peve_00032861
peve-mir-novel-39,Peve_00033060
peve-mir-novel-39,Peve_00033299
peve-mir-novel-39,Peve_00034184
peve-mir-novel-39,Peve_00034279
peve-mir-novel-39,Peve_00034941
peve-mir-novel-39,Peve_00035307
peve-mir-novel-39,Peve_00035821
peve-mir-novel-39,Peve_00035885
peve-mir-novel-39,Peve_00036426
peve-mir-novel-39,Peve_00036514
peve-mir-novel-39,Peve_00036864
peve-mir-novel-39,Peve_00037061
peve-mir-novel-39,Peve_00036941
peve-mir-novel-39,Peve_00038239
peve-mir-novel-39,Peve_00038670
peve-mir-novel-39,Peve_00038927
peve-mir-novel-39,Peve_00039096
peve-mir-novel-39,Peve_00039063
peve-mir-novel-39,Peve_00039669
peve-mir-novel-39,Peve_00039735
peve-mir-novel-39,Peve_00039588
peve-mir-novel-39,Peve_00040141
peve-mir-novel-39,Peve_00040544
peve-mir-novel-39,Peve_00040758
peve-mir-novel-39,Peve_00041010
peve-mir-novel-39,Peve_00041134
peve-mir-novel-39,Peve_00041037
peve-mir-novel-39,Peve_00041609
peve-mir-novel-39,Peve_00042855
peve-mir-novel-39,Peve_00043472
peve-mir-novel-39,Peve_00044098
peve-mir-novel-39,Peve_00044958
peve-mir-novel-39,Peve_00045103
peve-mir-novel-40,Peve_00000772
peve-mir-novel-40,Peve_00001436
peve-mir-novel-40,Peve_00001435
peve-mir-novel-40,Peve_00002593
peve-mir-novel-40,Peve_00003572
peve-mir-novel-40,Peve_00004802
peve-mir-novel-40,Peve_00006544
peve-mir-novel-40,Peve_00006587
peve-mir-novel-40,Peve_00007756
peve-mir-novel-40,Peve_00009508
peve-mir-novel-40,Peve_00010511
peve-mir-novel-40,Peve_00010711
peve-mir-novel-40,Peve_00011724
peve-mir-novel-40,Peve_00015124
peve-mir-novel-40,Peve_00013445
peve-mir-novel-40,Peve_00016793
peve-mir-novel-40,Peve_00016830
peve-mir-novel-40,Peve_00017150
peve-mir-novel-40,Peve_00017979
peve-mir-novel-40,Peve_00018147
peve-mir-novel-40,Peve_00020543
peve-mir-novel-40,Peve_00021417
peve-mir-novel-40,Peve_00022083
peve-mir-novel-40,Peve_00022183
peve-mir-novel-40,Peve_00022723
peve-mir-novel-40,Peve_00022773
peve-mir-novel-40,Peve_00022762
peve-mir-novel-40,Peve_00023189
peve-mir-novel-40,Peve_00024330
peve-mir-novel-40,Peve_00024485
peve-mir-novel-40,Peve_00024575
peve-mir-novel-40,Peve_00026671
peve-mir-novel-40,Peve_00026728
peve-mir-novel-40,Peve_00026513
peve-mir-novel-40,Peve_00026894
peve-mir-novel-40,Peve_00026871
peve-mir-novel-40,Peve_00027870
peve-mir-novel-40,Peve_00028991
peve-mir-novel-40,Peve_00030679
peve-mir-novel-40,Peve_00031287
peve-mir-novel-40,Peve_00032011
peve-mir-novel-40,Peve_00032395
peve-mir-novel-40,Peve_00032523
peve-mir-novel-40,Peve_00034406
peve-mir-novel-40,Peve_00035451
peve-mir-novel-40,Peve_00035967
peve-mir-novel-40,Peve_00037185
peve-mir-novel-40,Peve_00037231
peve-mir-novel-40,Peve_00037537
peve-mir-novel-40,Peve_00037049
peve-mir-novel-40,Peve_00037939
peve-mir-novel-40,Peve_00038534
peve-mir-novel-40,Peve_00041797
peve-mir-novel-40,Peve_00041884
peve-mir-novel-40,Peve_00041682
peve-mir-novel-40,Peve_00042929
peve-mir-novel-40,Peve_00043346
peve-mir-novel-40,Peve_00041707
peve-mir-novel-40,Peve_00043948
peve-mir-novel-40,Peve_00044389
peve-mir-novel-40,Peve_00044518
peve-mir-novel-40,Peve_00044684
peve-mir-novel-40,Peve_00045236
peve-mir-novel-40,Peve_00045254
peve-mir-novel-6,Peve_00000242
peve-mir-novel-6,Peve_00001230
peve-mir-novel-6,Peve_00001286
peve-mir-novel-6,Peve_00001600
peve-mir-novel-6,Peve_00002096
peve-mir-novel-6,Peve_00002350
peve-mir-novel-6,Peve_00003586
peve-mir-novel-6,Peve_00004622
peve-mir-novel-6,Peve_00006220
peve-mir-novel-6,Peve_00006527
peve-mir-novel-6,Peve_00000005
peve-mir-novel-6,Peve_00006896
peve-mir-novel-6,Peve_00007645
peve-mir-novel-6,Peve_00008382
peve-mir-novel-6,Peve_00009585
peve-mir-novel-6,Peve_00010241
peve-mir-novel-6,Peve_00011277
peve-mir-novel-6,Peve_00013068
peve-mir-novel-6,Peve_00013326
peve-mir-novel-6,Peve_00015249
peve-mir-novel-6,Peve_00015953
peve-mir-novel-6,Peve_00018009
peve-mir-novel-6,Peve_00018891
peve-mir-novel-6,Peve_00018941
peve-mir-novel-6,Peve_00020567
peve-mir-novel-6,Peve_00020859
peve-mir-novel-6,Peve_00020888
peve-mir-novel-6,Peve_00021878
peve-mir-novel-6,Peve_00024666
peve-mir-novel-6,Peve_00026810
peve-mir-novel-6,Peve_00027615
peve-mir-novel-6,Peve_00028225
peve-mir-novel-6,Peve_00028552
peve-mir-novel-6,Peve_00030448
peve-mir-novel-6,Peve_00031203
peve-mir-novel-6,Peve_00031656
peve-mir-novel-6,Peve_00032212
peve-mir-novel-6,Peve_00032842
peve-mir-novel-6,Peve_00034689
peve-mir-novel-6,Peve_00034882
peve-mir-novel-6,Peve_00037061
peve-mir-novel-6,Peve_00040799
peve-mir-novel-6,Peve_00041006
peve-mir-novel-6,Peve_00041032
peve-mir-novel-6,Peve_00043688
peve-mir-novel-6,Peve_00044203
peve-mir-novel-6,Peve_00044546
peve-mir-novel-1,Peve_00003393
peve-mir-novel-1,Peve_00004159
peve-mir-novel-1,Peve_00006246
peve-mir-novel-1,Peve_00009613
peve-mir-novel-1,Peve_00012313
peve-mir-novel-1,Peve_00012947
peve-mir-novel-1,Peve_00015560
peve-mir-novel-1,Peve_00022650
peve-mir-novel-1,Peve_00031470
peve-mir-novel-1,Peve_00032670
peve-mir-novel-1,Peve_00034473
peve-mir-novel-1,Peve_00036084
peve-mir-novel-1,Peve_00039612
peve-mir-novel-1,Peve_00041444
peve-mir-novel-7,Peve_00000079
peve-mir-novel-7,Peve_00003488
peve-mir-novel-7,Peve_00004794
peve-mir-novel-7,Peve_00006710
peve-mir-novel-7,Peve_00007704
peve-mir-novel-7,Peve_00007872
peve-mir-novel-7,Peve_00008249
peve-mir-novel-7,Peve_00012577
peve-mir-novel-7,Peve_00013338
peve-mir-novel-7,Peve_00014208
peve-mir-novel-7,Peve_00014607
peve-mir-novel-7,Peve_00018051
peve-mir-novel-7,Peve_00020593
peve-mir-novel-7,Peve_00021480
peve-mir-novel-7,Peve_00022405
peve-mir-novel-7,Peve_00029427
peve-mir-novel-7,Peve_00034064
peve-mir-novel-7,Peve_00036216
peve-mir-novel-7,Peve_00037268
peve-mir-novel-7,Peve_00037364
peve-mir-novel-7,Peve_00039765
peve-mir-novel-7,Peve_00041522
peve-mir-novel-7,Peve_00041469
peve-mir-novel-7,Peve_00043735
peve-mir-novel-8,Peve_00000338
peve-mir-novel-8,Peve_00002136
peve-mir-novel-8,Peve_00001724
peve-mir-novel-8,Peve_00002773
peve-mir-novel-8,Peve_00005576
peve-mir-novel-8,Peve_00006728
peve-mir-novel-8,Peve_00006196
peve-mir-novel-8,Peve_00007902
peve-mir-novel-8,Peve_00012307
peve-mir-novel-8,Peve_00012703
peve-mir-novel-8,Peve_00012719
peve-mir-novel-8,Peve_00013409
peve-mir-novel-8,Peve_00015721
peve-mir-novel-8,Peve_00015911
peve-mir-novel-8,Peve_00017494
peve-mir-novel-8,Peve_00017682
peve-mir-novel-8,Peve_00017835
peve-mir-novel-8,Peve_00019789
peve-mir-novel-8,Peve_00022013
peve-mir-novel-8,Peve_00027166
peve-mir-novel-8,Peve_00028046
peve-mir-novel-8,Peve_00031400
peve-mir-novel-8,Peve_00032019
peve-mir-novel-8,Peve_00034256
peve-mir-novel-8,Peve_00035796
peve-mir-novel-8,Peve_00038235
peve-mir-novel-8,Peve_00042598
peve-mir-novel-8,Peve_00043869
peve-mir-novel-8,Peve_00044186
peve-mir-novel-8,Peve_00045195
peve-mir-novel-9,Peve_00004184
peve-mir-novel-9,Peve_00006584
peve-mir-novel-9,Peve_00006632
peve-mir-novel-9,Peve_00006979
peve-mir-novel-9,Peve_00007814
peve-mir-novel-9,Peve_00008020
peve-mir-novel-9,Peve_00009844
peve-mir-novel-9,Peve_00012652
peve-mir-novel-9,Peve_00012675
peve-mir-novel-9,Peve_00013797
peve-mir-novel-2,Peve_00000388
peve-mir-novel-2,Peve_00000404
peve-mir-novel-2,Peve_00001538
peve-mir-novel-2,Peve_00001529
peve-mir-novel-2,Peve_00001905
peve-mir-novel-2,Peve_00000035
peve-mir-novel-2,Peve_00001787
peve-mir-novel-2,Peve_00002096
peve-mir-novel-2,Peve_00002249
peve-mir-novel-2,Peve_00001835
peve-mir-novel-2,Peve_00002659
peve-mir-novel-2,Peve_00003439
peve-mir-novel-2,Peve_00003610
peve-mir-novel-2,Peve_00003922
peve-mir-novel-2,Peve_00004241
peve-mir-novel-2,Peve_00004323
peve-mir-novel-2,Peve_00004712
peve-mir-novel-2,Peve_00006541
peve-mir-novel-2,Peve_00000003
peve-mir-novel-2,Peve_00006234
peve-mir-novel-2,Peve_00007386
peve-mir-novel-2,Peve_00007420
peve-mir-novel-2,Peve_00008033
peve-mir-novel-2,Peve_00009118
peve-mir-novel-2,Peve_00009537
peve-mir-novel-2,Peve_00009560
peve-mir-novel-2,Peve_00010789
peve-mir-novel-2,Peve_00010793
peve-mir-novel-2,Peve_00009990
peve-mir-novel-2,Peve_00010869
peve-mir-novel-2,Peve_00011539
peve-mir-novel-2,Peve_00011766
peve-mir-novel-2,Peve_00012512
peve-mir-novel-2,Peve_00012952
peve-mir-novel-2,Peve_00013326
peve-mir-novel-2,Peve_00013778
peve-mir-novel-2,Peve_00013831
peve-mir-novel-2,Peve_00013835
peve-mir-novel-2,Peve_00013933
peve-mir-novel-2,Peve_00014141
peve-mir-novel-2,Peve_00013491
peve-mir-novel-2,Peve_00014398
peve-mir-novel-2,Peve_00014560
peve-mir-novel-2,Peve_00015640
peve-mir-novel-2,Peve_00016798
peve-mir-novel-2,Peve_00017180
peve-mir-novel-2,Peve_00017997
peve-mir-novel-2,Peve_00018700
peve-mir-novel-2,Peve_00018779
peve-mir-novel-2,Peve_00018907
peve-mir-novel-2,Peve_00018950
peve-mir-novel-2,Peve_00019866
peve-mir-novel-2,Peve_00020262
peve-mir-novel-2,Peve_00020426
peve-mir-novel-2,Peve_00020859
peve-mir-novel-2,Peve_00021321
peve-mir-novel-2,Peve_00023009
peve-mir-novel-2,Peve_00023210
peve-mir-novel-2,Peve_00023658
peve-mir-novel-2,Peve_00023919
peve-mir-novel-2,Peve_00024001
peve-mir-novel-2,Peve_00024022
peve-mir-novel-2,Peve_00024151
peve-mir-novel-2,Peve_00024196
peve-mir-novel-2,Peve_00024584
peve-mir-novel-2,Peve_00026073
peve-mir-novel-2,Peve_00026823
peve-mir-novel-2,Peve_00026919
peve-mir-novel-2,Peve_00027092
peve-mir-novel-2,Peve_00027364
peve-mir-novel-2,Peve_00027784
peve-mir-novel-2,Peve_00027984
peve-mir-novel-2,Peve_00028312
peve-mir-novel-2,Peve_00028439
peve-mir-novel-2,Peve_00029564
peve-mir-novel-2,Peve_00028686
peve-mir-novel-2,Peve_00030794
peve-mir-novel-2,Peve_00031069
peve-mir-novel-2,Peve_00031348
peve-mir-novel-2,Peve_00031401
peve-mir-novel-2,Peve_00031585
peve-mir-novel-2,Peve_00032544
peve-mir-novel-2,Peve_00033832
peve-mir-novel-2,Peve_00035302
peve-mir-novel-2,Peve_00035430
peve-mir-novel-2,Peve_00035839
peve-mir-novel-2,Peve_00035882
peve-mir-novel-2,Peve_00036365
peve-mir-novel-2,Peve_00036728
peve-mir-novel-2,Peve_00036931
peve-mir-novel-2,Peve_00037142
peve-mir-novel-2,Peve_00037143
peve-mir-novel-2,Peve_00037071
peve-mir-novel-2,Peve_00037538
peve-mir-novel-2,Peve_00036939
peve-mir-novel-2,Peve_00038083
peve-mir-novel-2,Peve_00038409
peve-mir-novel-2,Peve_00038381
peve-mir-novel-2,Peve_00038399
peve-mir-novel-2,Peve_00036956
peve-mir-novel-2,Peve_00038545
peve-mir-novel-2,Peve_00036966
peve-mir-novel-2,Peve_00036987
peve-mir-novel-2,Peve_00039910
peve-mir-novel-2,Peve_00039806
peve-mir-novel-2,Peve_00040028
peve-mir-novel-2,Peve_00040009
peve-mir-novel-2,Peve_00040857
peve-mir-novel-2,Peve_00041013
peve-mir-novel-2,Peve_00041060
peve-mir-novel-2,Peve_00041178
peve-mir-novel-2,Peve_00041309
peve-mir-novel-2,Peve_00041525
peve-mir-novel-2,Peve_00041486
peve-mir-novel-2,Peve_00041875
peve-mir-novel-2,Peve_00042017
peve-mir-novel-2,Peve_00041749
peve-mir-novel-2,Peve_00042902
peve-mir-novel-2,Peve_00042905
peve-mir-novel-2,Peve_00042906
peve-mir-novel-2,Peve_00042937
peve-mir-novel-2,Peve_00043039
peve-mir-novel-2,Peve_00043949
peve-mir-novel-3,Peve_00001819
peve-mir-novel-3,Peve_00002405
peve-mir-novel-3,Peve_00003564
peve-mir-novel-3,Peve_00003302
peve-mir-novel-3,Peve_00003917
peve-mir-novel-3,Peve_00003987
peve-mir-novel-3,Peve_00004183
peve-mir-novel-3,Peve_00004847
peve-mir-novel-3,Peve_00005087
peve-mir-novel-3,Peve_00005282
peve-mir-novel-3,Peve_00004716
peve-mir-novel-3,Peve_00005764
peve-mir-novel-3,Peve_00006089
peve-mir-novel-3,Peve_00006527
peve-mir-novel-3,Peve_00007538
peve-mir-novel-3,Peve_00011165
peve-mir-novel-3,Peve_00011299
peve-mir-novel-3,Peve_00012067
peve-mir-novel-3,Peve_00012780
peve-mir-novel-3,Peve_00013567
peve-mir-novel-3,Peve_00013835
peve-mir-novel-3,Peve_00013537
peve-mir-novel-3,Peve_00014158
peve-mir-novel-3,Peve_00014504
peve-mir-novel-3,Peve_00016520
peve-mir-novel-3,Peve_00017768
peve-mir-novel-3,Peve_00018006
peve-mir-novel-3,Peve_00018843
peve-mir-novel-3,Peve_00018950
peve-mir-novel-3,Peve_00019270
peve-mir-novel-3,Peve_00020859
peve-mir-novel-3,Peve_00021252
peve-mir-novel-3,Peve_00021264
peve-mir-novel-3,Peve_00021291
peve-mir-novel-3,Peve_00020888
peve-mir-novel-3,Peve_00021878
peve-mir-novel-3,Peve_00022240
peve-mir-novel-3,Peve_00022876
peve-mir-novel-3,Peve_00026073
peve-mir-novel-3,Peve_00026597
peve-mir-novel-3,Peve_00026823
peve-mir-novel-3,Peve_00027528
peve-mir-novel-3,Peve_00027704
peve-mir-novel-3,Peve_00027784
peve-mir-novel-3,Peve_00028320
peve-mir-novel-3,Peve_00028552
peve-mir-novel-3,Peve_00029553
peve-mir-novel-3,Peve_00029337
peve-mir-novel-3,Peve_00029613
peve-mir-novel-3,Peve_00031279
peve-mir-novel-3,Peve_00031401
peve-mir-novel-3,Peve_00031438
peve-mir-novel-3,Peve_00031436
peve-mir-novel-3,Peve_00032517
peve-mir-novel-3,Peve_00032741
peve-mir-novel-3,Peve_00033615
peve-mir-novel-3,Peve_00033936
peve-mir-novel-3,Peve_00034383
peve-mir-novel-3,Peve_00034882
peve-mir-novel-3,Peve_00035917
peve-mir-novel-3,Peve_00036254
peve-mir-novel-3,Peve_00036728
peve-mir-novel-3,Peve_00036754
peve-mir-novel-3,Peve_00037143
peve-mir-novel-3,Peve_00037461
peve-mir-novel-3,Peve_00037776
peve-mir-novel-3,Peve_00038086
peve-mir-novel-3,Peve_00038655
peve-mir-novel-3,Peve_00038764
peve-mir-novel-3,Peve_00036964
peve-mir-novel-3,Peve_00039069
peve-mir-novel-3,Peve_00039735
peve-mir-novel-3,Peve_00039588
peve-mir-novel-3,Peve_00040059
peve-mir-novel-3,Peve_00040756
peve-mir-novel-3,Peve_00040912
peve-mir-novel-3,Peve_00041095
peve-mir-novel-3,Peve_00041750
peve-mir-novel-3,Peve_00042419
peve-mir-novel-3,Peve_00042649
peve-mir-novel-3,Peve_00042940
peve-mir-novel-3,Peve_00043040
peve-mir-novel-3,Peve_00043455
peve-mir-novel-3,Peve_00044008
peve-mir-novel-3,Peve_00043688
peve-mir-novel-3,Peve_00044304
peve-mir-novel-26,Peve_00029974
peve-mir-novel-26,Peve_00040742
peve-mir-novel-28,Peve_00008185
peve-mir-novel-28,Peve_00009398
peve-mir-novel-28,Peve_00019390
peve-mir-novel-28,Peve_00025441
peve-mir-novel-28,Peve_00025440
peve-mir-novel-28,Peve_00040130
peve-mir-novel-30,Peve_00001620
peve-mir-novel-30,Peve_00002001
peve-mir-novel-30,Peve_00004498
peve-mir-novel-31,Peve_00016052
peve-mir-novel-31,Peve_00016434
peve-mir-novel-31,Peve_00020772
peve-mir-novel-31,Peve_00023991
peve-mir-novel-31,Peve_00030840
peve-mir-100,Peve_00001485
peve-mir-100,Peve_00003269
peve-mir-100,Peve_00005255
peve-mir-100,Peve_00005406
peve-mir-100,Peve_00007142
peve-mir-100,Peve_00007689
peve-mir-100,Peve_00010286
peve-mir-100,Peve_00014260
peve-mir-100,Peve_00015576
peve-mir-100,Peve_00015940
peve-mir-100,Peve_00016445
peve-mir-100,Peve_00018177
peve-mir-100,Peve_00019541
peve-mir-100,Peve_00021333
peve-mir-100,Peve_00021330
peve-mir-100,Peve_00021718
peve-mir-100,Peve_00026489
peve-mir-100,Peve_00029605
peve-mir-100,Peve_00029642
peve-mir-100,Peve_00034549
peve-mir-100,Peve_00035161
peve-mir-100,Peve_00036721
peve-mir-100,Peve_00036723
peve-mir-100,Peve_00040549
peve-mir-100,Peve_00041552
peve-mir-100,Peve_00042134
peve-mir-100,Peve_00042228
peve-mir-100,Peve_00043379
peve-mir-100,Peve_00045222
peve-mir-novel-41,Peve_00001711
peve-mir-novel-41,Peve_00003720
peve-mir-novel-41,Peve_00015657
peve-mir-novel-41,Peve_00033788
peve-mir-novel-41,Peve_00043584
peve-mir-2025,Peve_00001876
peve-mir-2025,Peve_00006544
peve-mir-2025,Peve_00022361
peve-mir-2025,Peve_00035813
peve-mir-2025,Peve_00039396
peve-mir-2025,Peve_00042650
peve-mir-novel-35,Peve_00011436
peve-mir-novel-35,Peve_00012489
peve-mir-novel-35,Peve_00013682
peve-mir-novel-35,Peve_00015888
peve-mir-novel-35,Peve_00016106
peve-mir-novel-35,Peve_00016876
peve-mir-novel-35,Peve_00021185
peve-mir-novel-35,Peve_00025028
peve-mir-novel-35,Peve_00028583
peve-mir-novel-35,Peve_00031471
peve-mir-novel-35,Peve_00034900
peve-mir-novel-35,Peve_00037737
peve-mir-novel-35,Peve_00045142
peve-mir-novel-36,Peve_00008072
peve-mir-novel-42,Peve_00007806
peve-mir-novel-39,Peve_00014228
peve-mir-novel-39,Peve_00019695
peve-mir-novel-39,Peve_00023931
peve-mir-novel-39,Peve_00025086
peve-mir-novel-39,Peve_00036122
peve-mir-novel-39,Peve_00039122
peve-mir-novel-39,Peve_00042177
peve-mir-novel-40,Peve_00000377
peve-mir-novel-40,Peve_00001268
peve-mir-novel-40,Peve_00004417
peve-mir-novel-40,Peve_00011018
peve-mir-novel-40,Peve_00011155
peve-mir-novel-40,Peve_00013972
peve-mir-novel-40,Peve_00018828
peve-mir-novel-40,Peve_00023071
peve-mir-novel-40,Peve_00024587
peve-mir-novel-40,Peve_00035329
peve-mir-novel-40,Peve_00039198
peve-mir-novel-6,Peve_00010433
peve-mir-novel-6,Peve_00012142
peve-mir-novel-6,Peve_00023391
peve-mir-novel-6,Peve_00031436
peve-mir-novel-1,Peve_00013718
peve-mir-novel-1,Peve_00020075
peve-mir-novel-7,Peve_00013396
peve-mir-novel-7,Peve_00022789
peve-mir-novel-7,Peve_00035192
peve-mir-novel-7,Peve_00038009
peve-mir-novel-8,Peve_00006985
peve-mir-novel-8,Peve_00011705
peve-mir-novel-8,Peve_00013087
peve-mir-novel-8,Peve_00035886
peve-mir-novel-8,Peve_00037697
peve-mir-novel-8,Peve_00036963
peve-mir-novel-8,Peve_00043526
peve-mir-novel-10,Peve_00001326
peve-mir-novel-10,Peve_00002365
peve-mir-novel-10,Peve_00002477
peve-mir-novel-10,Peve_00005452
peve-mir-novel-10,Peve_00009813
peve-mir-novel-10,Peve_00015601
peve-mir-novel-10,Peve_00019915
peve-mir-novel-10,Peve_00024444
peve-mir-novel-10,Peve_00027295
peve-mir-novel-10,Peve_00030606
peve-mir-novel-10,Peve_00035367
peve-mir-novel-10,Peve_00036785
peve-mir-novel-10,Peve_00036947
peve-mir-novel-10,Peve_00042151
peve-mir-novel-10,Peve_00042435
peve-mir-novel-10,Peve_00043768
peve-mir-novel-10,Peve_00043615
peve-mir-novel-11,Peve_00004731
peve-mir-novel-11,Peve_00006174
peve-mir-novel-11,Peve_00025044
peve-mir-novel-11,Peve_00033287
peve-mir-novel-11,Peve_00034069
peve-mir-novel-11,Peve_00034189
peve-mir-novel-11,Peve_00035232
peve-mir-novel-11,Peve_00042498
peve-mir-novel-13,Peve_00036264
peve-mir-novel-2,Peve_00008377
peve-mir-novel-2,Peve_00009458
peve-mir-novel-2,Peve_00015066
peve-mir-novel-2,Peve_00021093
peve-mir-novel-2,Peve_00028238
peve-mir-novel-2,Peve_00029556
peve-mir-novel-2,Peve_00030695
peve-mir-novel-2,Peve_00033813
peve-mir-novel-2,Peve_00042524
peve-mir-novel-2,Peve_00044403
peve-mir-novel-2,Peve_00044772
peve-mir-2030,Peve_00003999
peve-mir-novel-14a; peve-mir-novel-14b,Peve_00007262
peve-mir-novel-14a; peve-mir-novel-14b,Peve_00010915
peve-mir-novel-14a; peve-mir-novel-14b,Peve_00011228
peve-mir-novel-14a; peve-mir-novel-14b,Peve_00021519
peve-mir-novel-14a; peve-mir-novel-14b,Peve_00021626
peve-mir-novel-14a; peve-mir-novel-14b,Peve_00037342
peve-mir-novel-14a; peve-mir-novel-14b,Peve_00037704
peve-mir-novel-14a; peve-mir-novel-14b,Peve_00042648
peve-mir-novel-14a; peve-mir-novel-14b,Peve_00021945
peve-mir-novel-14a; peve-mir-novel-14b,Peve_00042462
peve-mir-novel-15,Peve_00006922
peve-mir-novel-15,Peve_00042534
peve-mir-novel-15,Peve_00043593
peve-mir-2023,Peve_00000232
peve-mir-2023,Peve_00023691
peve-mir-2023,Peve_00042248
peve-mir-novel-16,Peve_00007907
peve-mir-novel-16,Peve_00014221
peve-mir-novel-16,Peve_00043872
peve-mir-novel-18,Peve_00025803
peve-mir-novel-3,Peve_00000718
peve-mir-novel-3,Peve_00012591
peve-mir-novel-3,Peve_00026480
peve-mir-novel-3,Peve_00028200
peve-mir-novel-3,Peve_00035430
peve-mir-novel-19,Peve_00008072
peve-mir-novel-19,Peve_00018391
peve-mir-novel-19,Peve_00013384
peve-mir-novel-19,Peve_00025850
peve-mir-novel-19,Peve_00038875
peve-mir-novel-19,Peve_00041049
peve-mir-novel-20,Peve_00028555
peve-mir-novel-21,Peve_00015062
peve-mir-novel-21,Peve_00032682
peve-mir-novel-21,Peve_00044134
peve-mir-novel-22,Peve_00038750
peve-mir-novel-22,Peve_00040567
peve-mir-novel-23,Peve_00011634
peve-mir-novel-23,Peve_00012869
peve-mir-novel-23,Peve_00018542
peve-mir-novel-23,Peve_00030038
peve-mir-novel-23,Peve_00033284
peve-mir-novel-24,Peve_00000825
peve-mir-novel-24,Peve_00002320
peve-mir-novel-24,Peve_00003234
peve-mir-novel-24,Peve_00004521
peve-mir-novel-24,Peve_00004512
peve-mir-novel-24,Peve_00012208
peve-mir-novel-24,Peve_00012302
peve-mir-novel-24,Peve_00012404
peve-mir-novel-24,Peve_00014451
peve-mir-novel-24,Peve_00016786
peve-mir-novel-24,Peve_00016830
peve-mir-novel-24,Peve_00017781
peve-mir-novel-24,Peve_00020492
peve-mir-novel-24,Peve_00022773
peve-mir-novel-24,Peve_00022813
peve-mir-novel-24,Peve_00023808
peve-mir-novel-24,Peve_00024938
peve-mir-novel-24,Peve_00026617
peve-mir-novel-24,Peve_00028917
peve-mir-novel-24,Peve_00036859
peve-mir-novel-24,Peve_00038692
peve-mir-novel-24,Peve_00038822
peve-mir-novel-24,Peve_00040250
peve-mir-novel-24,Peve_00042525
peve-mir-novel-24,Peve_00045047
peve-mir-novel-25,Peve_00016482
